feature,category,dtype,missing_fraction
dataset,identity,str,0.0
well_id,identity,str,0.0
window_id,identity,int64,0.0
window_key,identity,str,0.0
depth_start_m,depth,float64,0.0
depth_end_m,depth,float64,0.0
window_center_m,depth,float64,0.0
window_thickness_m,depth,float64,0.0
depth_midpoint_m,depth,float64,0.0
relative_depth,depth,float64,0.0
sample_count,quality,int64,0.0
available_curve_count,quality,int64,0.0
curve_coverage_fraction,quality,float64,0.0
curve_presence_fraction,quality,float64,0.0
lithology_coverage,quality,float64,0.0
has_lithology,quality,int8,0.0
qc_issue_fraction,quality,float64,0.0
outlier_fraction,quality,float64,0.0
data_quality_score,quality,float64,0.0
dominant_lithology,lithology,float64,0.38246811367196243
gamma_ray_present,curve_presence,int8,0.0
bulk_density_present,curve_presence,int8,0.0
neutron_porosity_present,curve_presence,int8,0.0
photoelectric_factor_present,curve_presence,int8,0.0
deep_resistivity_present,curve_presence,int8,0.0
medium_resistivity_present,curve_presence,int8,0.0
compressional_sonic_present,curve_presence,int8,0.0
shear_sonic_present,curve_presence,int8,0.0
caliper_present,curve_presence,int8,0.0
bit_size_present,curve_presence,int8,0.0
rate_of_penetration_present,curve_presence,int8,0.0
gamma_ray_mean,curve_statistics,float64,0.017509509957484896
gamma_ray_std,curve_statistics,float64,0.01767733273663012
gamma_ray_min,curve_statistics,float64,0.017509509957484896
gamma_ray_max,curve_statistics,float64,0.017509509957484896
gamma_ray_median,curve_statistics,float64,0.017509509957484896
bulk_density_mean,curve_statistics,float64,0.4064108301633475
bulk_density_std,curve_statistics,float64,0.40657865294249274
bulk_density_min,curve_statistics,float64,0.4064108301633475
bulk_density_max,curve_statistics,float64,0.4064108301633475
bulk_density_median,curve_statistics,float64,0.4064108301633475
neutron_porosity_mean,curve_statistics,float64,0.5526404117252182
neutron_porosity_std,curve_statistics,float64,0.5527522935779816
neutron_porosity_min,curve_statistics,float64,0.5526404117252182
neutron_porosity_max,curve_statistics,float64,0.5526404117252182
neutron_porosity_median,curve_statistics,float64,0.5526404117252182
photoelectric_factor_mean,curve_statistics,float64,0.5982882076527187
photoelectric_factor_std,curve_statistics,float64,0.5983441485791005
photoelectric_factor_min,curve_statistics,float64,0.5982882076527187
photoelectric_factor_max,curve_statistics,float64,0.5982882076527187
photoelectric_factor_median,curve_statistics,float64,0.5982882076527187
deep_resistivity_mean,curve_statistics,float64,0.04984336540613112
deep_resistivity_std,curve_statistics,float64,0.04989930633251287
deep_resistivity_min,curve_statistics,float64,0.04984336540613112
deep_resistivity_max,curve_statistics,float64,0.04984336540613112
deep_resistivity_median,curve_statistics,float64,0.04984336540613112
medium_resistivity_mean,curve_statistics,float64,0.1005817856343701
medium_resistivity_std,curve_statistics,float64,0.10063772656075184
medium_resistivity_min,curve_statistics,float64,0.1005817856343701
medium_resistivity_max,curve_statistics,float64,0.1005817856343701
medium_resistivity_median,curve_statistics,float64,0.1005817856343701
compressional_sonic_mean,curve_statistics,float64,0.23383307227567687
compressional_sonic_std,curve_statistics,float64,0.23405683598120386
compressional_sonic_min,curve_statistics,float64,0.23383307227567687
compressional_sonic_max,curve_statistics,float64,0.23383307227567687
compressional_sonic_median,curve_statistics,float64,0.23383307227567687
shear_sonic_mean,curve_statistics,float64,0.8275900648914746
shear_sonic_std,curve_statistics,float64,0.8275900648914746
shear_sonic_min,curve_statistics,float64,0.8275900648914746
shear_sonic_max,curve_statistics,float64,0.8275900648914746
shear_sonic_median,curve_statistics,float64,0.8275900648914746
caliper_mean,curve_statistics,float64,0.37183933765943167
caliper_std,curve_statistics,float64,0.3718952785858134
caliper_min,curve_statistics,float64,0.37183933765943167
caliper_max,curve_statistics,float64,0.37183933765943167
caliper_median,curve_statistics,float64,0.37183933765943167
bit_size_mean,curve_statistics,float64,0.37637055269635267
bit_size_std,curve_statistics,float64,0.3764264936227344
bit_size_min,curve_statistics,float64,0.37637055269635267
bit_size_max,curve_statistics,float64,0.37637055269635267
bit_size_median,curve_statistics,float64,0.37637055269635267
rate_of_penetration_mean,curve_statistics,float64,0.47600134258223314
rate_of_penetration_std,curve_statistics,float64,0.4762251062877601
rate_of_penetration_min,curve_statistics,float64,0.47600134258223314
rate_of_penetration_max,curve_statistics,float64,0.47600134258223314
rate_of_penetration_median,curve_statistics,float64,0.47600134258223314
deep_resistivity_log10_mean,resistivity_derived,float64,0.04984336540613112
medium_resistivity_log10_mean,resistivity_derived,float64,0.1005817856343701
