WELL,ROWS,DEPTH_MIN_M,DEPTH_MAX_M,PHYSICAL_QC_ISSUES,OUTLIER_ROWS,GR_COVERAGE,RHOB_COVERAGE,NPHI_COVERAGE,PEF_COVERAGE,DTC_COVERAGE,DTS_COVERAGE,RDEP_COVERAGE,RMED_COVERAGE,RMIC_COVERAGE,RSHA_COVERAGE,RXO_COVERAGE,CALI_COVERAGE,BS_COVERAGE,ROP_COVERAGE,ROPA_COVERAGE,SP_COVERAGE
15/9-13 Sleipner East Appr,21441,25.0,3283.88,0,4,0.9747679679119444,0.8556037498251015,0.6578517793013385,0.7670351196306142,0.9925843011053589,0.0,0.9773797863905601,0.9774264260062497,0.0,0.07569609626416679,0.07588265472692506,0.8556037498251015,0.0,0.9466442796511356,0.0,0.9773797863905601
15/9-14,22875,98.804000854,3575.6520009,0,318,0.9968087431693989,0.8901857923497267,0.8901857923497267,0.7302295081967213,0.9690928961748634,0.0,0.9993005464480874,0.9981202185792349,0.0,0.17744262295081967,0.17787978142076502,0.8901857923497267,0.0,0.9684371584699454,0.0,0.9990819672131147
15/9-15 Gungne,20954,25.0,3209.856,188,63,0.9711272310775986,0.8433711940440966,0.6441252266870288,0.8521046100983106,0.9732270688174096,0.0,0.9511310489643982,0.9511310489643982,0.0,0.9511310489643982,0.6278037606184976,0.8485253412236328,0.9707931659826287,0.9469790970697719,0.0,1.0
15/9-17,19879,102.61399841,3124.0699984,0,51,0.996830826500327,0.8433019769606117,0.6974193872931234,0.8405855425323205,0.9735399164947935,0.0,0.9912973489612154,0.9903918708184516,0.0,0.6593390009557825,0.665174304542482,0.8761004074651643,0.0,0.9729865687408823,0.0,0.9912470446199507
15/9-23 Skardkollen,20494,110.0,3224.936,0,0,0.976578510783644,0.5413291695130282,0.5612862301161315,0.5329364692105006,0.5484044110471358,0.5230311310627501,0.9785790963208744,0.97565141016883,0.0,0.0,0.0,0.5440616765882698,0.9796525812432907,0.9764809212452426,0.9980970040011711,0.0
16/1-2  Ivar Aasen Appr,18547,104.90000153,2923.8920015,0,0,0.9973041462231088,0.09365396020919825,0.090688521054618,0.0,0.9115220790424328,0.0,0.9222515770744595,0.9224133283010729,0.0,0.9224672453766107,0.0,0.09888391653636706,0.09742815549684584,0.9145414352725508,0.0,0.9225211624521485
16/1-6 A Verdandi Appr,13513,140.09973504,2193.923735,0,0,0.9766151113742322,0.257529786131873,0.2675201657662991,0.257529786131873,0.263894027973063,0.0,0.9664767261155924,0.9594464589654407,0.0,0.0,0.0,0.2673721601420854,0.9772071338710872,0.9999259971878931,0.0,0.0
16/10-1 Alpha,20147,99.99978984,3162.1917898,0,5,0.9925547227875118,0.5710527621978458,0.5766615376979203,0.5792922023129995,0.9907678562565146,0.0,0.9664466173623865,0.9581079068843996,0.0,0.2855015635082146,0.32113962376532484,0.8874770437285948,0.996624807663672,0.9949372114955081,0.0,0.9893284359954335
16/10-2 Delta,20131,97.993202209,3157.7532022,0,18796,0.993442948686106,0.12518007053797625,0.12518007053797625,0.12766380209626943,0.9538522676469128,0.0,0.9762555263027172,0.9446127862500621,0.0,0.0,0.0,0.12393820475882966,0.9954299339327406,0.0,0.0,0.9715364363419602
16/10-3 Tyr Central,17995,114.9095993,2849.9975993,0,0,0.9968324534592943,0.5861628230063907,0.2613503751041956,0.5631008613503751,0.8841900527924423,0.20878021672686858,0.9644901361489303,0.9645457071408725,0.0,0.8868018894137261,0.0,0.8901917199222006,1.0,0.970102806335093,0.0,0.6133926090580717
16/10-5 Isbjoern,18808,175.15638733,3033.8203873,0,0,0.9995214802211825,0.13839855380689067,0.1410569970225436,0.13839855380689067,0.6875265844321565,0.21347299021692898,0.9948957890259464,0.9948957890259464,0.0,0.9948957890259464,0.0,0.14291790727350065,1.0,0.998139089749043,0.9982454274776691,0.0
16/11-1S T3,19470,88.593200684,3047.8812007,21,0,0.9673343605546996,0.1835130970724191,0.18710837185413456,0.0,0.8504879301489471,0.0,0.4667180277349769,0.4689779147406266,0.0,0.1783256291730868,0.0,0.8597329224447868,0.8431432973805855,0.8667693888032871,0.0,0.46938880328710836
16/2-11 A Johan Sverdrup Appr,14672,138.12319946,2368.1151995,0,0,0.9979552889858233,0.7086968375136314,0.7200790621592148,0.7086968375136314,0.9833696837513631,0.2602235550708833,0.9962513631406761,0.9946155943293348,0.11143675027262813,0.0,0.0,0.729825517993457,1.0,0.9999318429661941,0.9980916030534351,0.0
16/2-16 Johan Sverdrup Appr,13637,142.39039612,2215.0623961,0,0,0.9989733812422087,0.7102735205690401,0.7258194617584512,0.7102735205690401,0.9819608418273814,0.2510082862799736,0.9988267214196671,0.9966268240815429,0.0,0.0,0.0,0.7352790203123855,1.0,0.9976534428393342,0.0,0.0
16/2-6 Johan Sverdrup,13094,141.01879883,2131.1547988,0,0,0.9993890331449519,0.6738964411180693,0.6813044142355277,0.6738964411180693,0.6784023216740492,0.14418817779135482,0.9988544371467848,0.9987016954330228,0.0,0.0,0.0,0.6848938445089354,1.0,0.9999236291431189,0.9992362914311899,0.0
16/2-7 Johan Sverdrup Appr,15556,135.63600159,2499.9960016,0,0,0.999100025713551,0.7240293134481872,0.72904345590126,0.7237078940601697,0.7559784006171252,0.41790948830033425,0.9968500899974286,0.9923502185651839,0.10754692723065055,0.0,0.0,0.7539856004114168,0.9989071740807406,0.9984571869375161,0.9986500385703265,0.0
16/4-1,18424,112.60960388,2912.9056039,0,0,0.9958206686930091,0.8637646547980895,0.8670212765957447,0.06231003039513678,0.960377768128528,0.0,0.9647742075553626,0.9271602257924446,0.0,0.8720147633521493,0.24256404689535388,0.8569257490230134,0.8570343030829353,0.993161094224924,0.0,0.9994572297003907
16/5-3 Johan Sverdrup Appr,12261,130.046,1993.566,0,0,0.9680287089144441,0.24533072343202023,0.24337329744719027,0.24533072343202023,0.26939075116222166,0.25813555174944947,0.9632982627844384,0.9561210341733953,0.24533072343202023,0.0,0.0,0.2467987929206427,0.9709648478916891,0.9709648478916891,0.9990212870075851,0.0
16/7-4 Sigyn,17412,140.1,2786.572,0,0,0.9937399494601424,0.9875947622329428,0.5826441534573857,0.0,0.985354927636113,0.0,0.9856995175740868,0.9856995175740868,0.0,0.10504249942568343,0.0,0.996266942338617,0.9882839421088904,0.9974730071215254,0.0,0.9987939352170917
16/7-5,18488,99.151985168,2909.1759852,0,32,0.99643011683254,0.5898420597144094,0.5898420597144094,0.589463435742103,0.9236802250108178,0.0,0.9995672868887927,0.9996213760276936,0.0,0.9996213760276936,0.0,0.870889225443531,0.0,0.9677628732150584,0.0,0.9996213760276936
16/7-6,17304,103.0223999,2733.0783999,0,94,0.923659269533056,0.6085298196948682,0.605755894590846,0.6149445214979196,0.610321312991216,0.5917706888580675,0.933830328247804,0.933252427184466,0.9158576051779935,0.933252427184466,0.0,0.6099167822468793,0.9998844197873324,0.9289759593157652,0.0,0.6168515950069348
16/8-1,14586,96.975196838,2313.8951968,0,0,0.9968462909639381,0.45996160702043054,0.3419031948443713,0.0,0.9553681612505142,0.0,0.8150281091457562,0.814959550253668,0.0,0.8150281091457562,0.0,0.45996160702043054,0.0,0.988482106129165,0.0,0.8150281091457562
17/11-1,20533,148.45701599,3269.321016,0,0,0.9889446257244435,0.907271221935421,0.8592022597769444,0.0,0.8736667803048751,0.0,0.9883114985632884,0.6114547314079773,0.0,0.7477231773243073,0.0,0.9884576048312472,0.0,0.9938635367457264,0.0,0.6116495397652559
17/4-1,25420,136.4467926,4000.1347926,0,0,0.997285601888277,0.5405192761605035,0.28564122738001574,0.0,0.9190794649881983,0.0,0.9230920535011802,0.6257671125098347,0.0,0.247639653815893,0.26900078678206135,0.7383162863886703,0.0,0.9080645161290323,0.0,0.5555861526357199
25/10-10  Balder Triassic,15346,182.0144,2514.4544,0,0,0.9760849732829402,0.6003518832268995,0.602241626482471,0.6003518832268995,0.5939658542942786,0.19379642903688257,0.9715886876058908,0.9714583604848169,0.1973804248664147,0.9715886876058908,0.0,0.6092141274599244,0.9793431513097876,0.9775185716147531,0.9944610973543594,0.0
25/10-9 Aegis,19639,0.0488,2985.0248,0,0,0.9515759458220887,0.5388258057945924,0.5405570548398595,0.5439177147512603,0.544274148378227,0.537145475838892,0.9514231885533887,0.9482662050002546,0.0,0.0,0.0,0.5494169764244615,0.9523906512551555,0.9523906512551555,0.9482662050002546,0.0
25/11-15  Grane,12402,149.9997,2034.9517,0,0,0.9984679890340268,0.8872762457668119,0.4674246089340429,0.0,0.910417674568618,0.0,0.9815352362522174,0.9567811643283342,0.0,0.3740525721657797,0.0,0.4766973068859861,0.4862925334623448,0.9998387356877922,0.0,0.9495242702789872
25/11-19 S  Balder Appr,13783,155.09970504,2249.963705,0,123,0.9645940651527244,0.6006674889356454,0.5974751505477762,0.5815860117536095,0.5948632373213378,0.0,0.9613291736196764,0.9613291736196764,0.0,0.9614017267648552,0.0,0.5230356235942828,0.0,0.9952114924181963,0.0,0.0
25/11-24 Jakob South,13052,135.0752,2118.8272,0,0,0.8414802329144959,0.4925681887833282,0.4886607416487895,0.49218510573092245,0.8867606497088569,0.4998467667790377,0.8343548881397487,0.8299111247318418,0.4836040453570334,0.0,0.0,0.5010726325467362,0.9558688323628562,0.9544897333741955,0.996475635917867,0.0
25/11-5 Balder Appr,13337,146.60871887,2173.6807189,0,0,0.9956511959211217,0.3868186248781585,0.49936267526430234,0.0,0.7926070330659069,0.0,0.8795081352628027,0.879583114643473,0.0,0.0,0.0,0.8830321661543076,0.9946764639724076,0.9602609282447327,0.0,0.8762090425133089
25/2-13 T4,24492,185.0,3907.632,0,46,0.9968969459415319,0.8435815776580108,0.1620529152376286,0.755307855626327,0.8550138820839458,0.0,0.9937938918830639,0.851380042462845,0.0,0.8514617017801731,0.12800097991180795,0.8608116936142414,1.0,0.0,0.0,1.0
25/2-14 Froey Appr,22963,139.04190063,3629.2659006,0,5,0.9971258110874015,0.7087488568566825,0.17118843356704264,0.7080956321038192,0.6660279580194225,0.0,0.6944650089274049,0.6942472673431171,0.0,0.6943779122936898,0.0,0.6944214606105474,0.9980403257414101,0.010103209510952402,0.0,0.7094020816095458
25/2-7,26059,133.61000061,4094.4260006,0,0,0.9954718139606278,0.9840362254883149,0.47922023101423694,0.9841129744042365,0.9780498100464331,0.0,0.9999616255420393,0.9999616255420393,0.0,0.9998848766261177,0.07237422771403354,0.983153612955217,0.983153612955217,0.37250086342530414,0.0,0.9999616255420393
25/3-1,24963,136.0,3930.224,0,62,0.9848175299443176,0.8501782638304691,0.24936906621800264,0.8500981452549774,0.8427672955974843,0.0,0.9883427472659536,0.8498978488162481,0.2357889676721548,0.25469695148820254,0.2551776629411529,0.8496975523775188,0.986179545727677,0.9969955534190602,0.0,0.8523414653687458
25/4-5,27691,145.59080505,4354.4708051,0,0,0.998952728323282,0.83091979343469,0.83091979343469,0.2086959661984038,0.9810407713697591,0.0,0.984615940197176,0.984290924849229,0.22231049799573868,0.22487450796287603,0.0,0.8308475678018129,0.9999277743671229,0.0,0.0,0.0
25/5-1 Froey,21629,145.0,3432.456,0,21,0.974663646030792,0.8637477460816496,0.16020158121041195,0.8637939803042212,0.8532063433353368,0.0,0.9775764020527995,0.8616209718433585,0.0,0.14156918951407832,0.14166165795922142,0.8640251514170789,0.0,0.9992140182162836,0.0,0.8649960700910814
25/5-3  Skirne,18058,153.3631897,2898.0271897,0,133,0.994462288182523,0.6177871303577361,0.19597962122051168,0.6151290286853472,0.6156274227489201,0.0,0.9823900764204231,0.6241554989478347,0.0,0.04801196145752575,0.049008749584671614,0.6269243548565733,0.6141876176763761,0.0,0.0,0.6186731642485325
25/5-4  Byggve,20021,145.00030518,3188.0403052,2,0,0.9807701912991359,0.6508166425253484,0.1286149542979871,0.6558113980320663,0.6491184256530643,0.0,0.6502672194196094,0.6503671145297437,0.0,0.08501073872433944,0.06338344738025074,0.6521652265121622,0.9988512062334549,0.0,0.0,0.6758903151690725
25/6-1,18033,140.0,2880.864,0,0,0.9919591859368935,0.9520323850718128,0.25370154716353355,0.0,0.9336771474518938,0.0,0.9501469528087395,0.9550823490267842,0.0,0.9635667942106139,0.0,0.9634558864304331,0.9467088116231354,0.9943991571008707,0.0,0.9626240780790772
25/6-2  Delta-Beta,14836,145.0,2399.92,2,12721,0.6095308708546778,0.595915341062281,0.1499056349420329,0.0,0.9852386087894311,0.0,0.976071717444055,0.6073065516311674,0.15738743596656782,0.16156645996225397,0.16406039363709896,0.5979374494472903,0.6073065516311674,0.9466163386357509,0.0,0.6096656780803451
25/6-3,15388,138.09972888,2476.9237289,0,0,0.9678970626462179,0.5359370938393554,0.5342474655575773,0.0,0.7908760072783988,0.787561736417988,0.9756303613205095,0.9729659474915519,0.53587210813621,0.5358071224330647,0.0,0.7823628801663634,0.978684689368339,0.998960228749675,0.0,0.3262282297894463
25/7-2,31686,133.856,4949.976,0,1460,0.9778766647730859,0.9128952849839046,0.1997412106293,0.42810705043236763,0.9009341665088683,0.0,0.9811273117465127,0.9353973363630625,0.7548759704601401,0.753960739758884,0.7503944959919208,0.7569589092974816,0.757653222243262,0.9968440320646342,0.0,0.7216436281007385
25/8-5 S  Jotun,20537,273.7104,3395.1824,0,0,0.9971758289915762,0.6804304426157667,0.6791157423187418,0.6804304426157667,0.3996688902955641,0.10181623411403808,0.9977114476311049,0.9914787943711351,0.35740371037639385,0.7161221210498125,0.7267858012367922,0.7164142766713736,0.9990748405317232,0.999707844378439,0.0,0.36431806008667283
25/8-7  Krap 1,9268,975.05511475,2383.6391147,0,0,0.9928787224859732,0.271687526974536,0.286685369011653,0.271687526974536,0.9291109192921881,0.0,0.9388217522658611,0.9388217522658611,0.8463530427276651,0.888649115235218,0.0,0.9734570565386276,1.0,0.9440008631851532,0.0,0.5674363400949504
25/9-1  Rummel,16132,80.15,2532.062,0,0,0.9766922886188941,0.22842796925365733,0.22663030002479545,0.22842796925365733,0.2587403917679147,0.0,0.97594842548971,0.7116910488470122,0.598251921646417,0.5848623853211009,0.6058765187205554,0.6079841309199108,0.9771881973716836,0.9716092239028019,0.0,0.3579841309199107
26/4-1,22742,233.24819946,3689.8801995,52,68,0.9974496526250989,0.580687714361094,0.5869316682789553,0.5826664321519656,0.8563890598891918,0.0,0.9985489402866943,0.8575323190572509,0.0,0.9878198927095242,0.0,0.8637762729751122,0.9993404274030429,0.8539706270336822,0.0,0.8750769501363117
29/3-1,28514,132.61000061,4466.5860006,0,0,0.9940730869046784,0.3104439924247738,0.3105492038998387,0.21919057305183418,0.9572490706319703,0.0,0.9837272918566319,0.9825699656309181,0.0,0.0,0.0,0.6673563863365365,0.0,0.0,0.0,0.48905800659325244
29/6-1,30856,147.45700073,4837.4170007,2,1251,0.9979258491055224,0.14839901477832512,0.14839901477832512,0.11530982628986258,0.9671052631578947,0.0,0.9999027741768214,0.9988008815141302,0.0,0.4625032408607726,0.41965906144672027,0.796765620948924,0.0,0.0,0.0,0.9998703655690951
30/3-3,21287,200.91,3436.382,0,344,0.9972753323624748,0.9822426833278527,0.1892704467515385,0.554610795321088,0.971672851975384,0.0,0.9999060459435336,0.9993892986329684,0.0,0.9971344012777752,0.997322309390708,0.9935171701038192,0.0,0.0,0.0,0.9999530229717668
30/3-5S,28123,433.16958618,4707.7135862,0,46,0.9996088610745653,0.15670447676279203,0.15670447676279203,0.15638445400561818,0.1313160046936671,0.0,0.19091135369626286,0.15670447676279203,0.0,0.0,0.0,0.14806386231909824,0.0,0.0,0.0,0.0
30/6-5,22910,74.0664,3556.2344,0,26,0.9683544303797469,0.7624181580096028,0.7624181580096028,0.11226538629419468,0.943474465298996,0.0,0.9702749890877346,0.9702313400261894,0.0,0.966171977302488,0.966171977302488,0.9704932343954605,0.0,0.2894369271060672,0.0,0.9702313400261894
31/2-1,16035,0.0762000009,2437.2442,0,0,0.824384159650764,0.6967259120673527,0.7367633302151544,0.0,0.6970377299657,0.0,0.8319925163704397,0.8331150608044902,0.0,0.8331150608044902,0.16594948550046773,0.8361708762082943,0.9982538197692548,0.0,0.0,0.7421889616463985
31/2-10,11934,25.0,1838.816,0,0,0.8195072900955254,0.7683090330149154,0.7683090330149154,0.7683090330149154,0.9895257248198425,0.0,0.8243673537791185,0.8233618233618234,0.0,0.18191721132897604,0.18510139098374392,0.7554885201944026,0.0,0.0,0.0,0.8241159711747947
31/2-19 S,24730,367.9424,4126.7504,2,0,0.976668014557218,0.7306510311362717,0.7281439547108775,0.7358673675697534,0.7414071977355439,0.4709260008087343,0.9933279417711282,0.9927213910230489,0.7311362717347352,0.7310553983016579,0.7311362717347352,0.7307723412858876,0.9867771936918722,0.0,0.0,0.7145167812373635
31/2-21 S,18731,372.0084,3218.9684,0,0,0.9965298168811062,0.41642197426725747,0.4182905344082003,0.41642197426725747,0.9715978858576692,0.8142651219902834,0.9912444610538679,0.9889488014521381,0.0,0.0,0.0,0.4186642464363889,0.9969569163418931,0.9964230420159095,0.9972772409374833,0.0
31/2-7,8647,353.30493164,1667.4969316,0,19,0.9912108245634325,0.9324621255926911,0.9330403608187811,0.13391927836243783,0.8741760148028218,0.0,0.9979183531860761,0.9979183531860761,0.0,0.1282525731467561,0.1412050422111715,0.9323464785474731,0.0,0.0,0.0,0.9980340002312941
31/2-8,19923,360.82897949,3388.9729795,0,17,0.9969382121166491,0.9703357928022888,0.9697836671184059,0.5463032675801837,0.9564322642172364,0.0,0.9999498067560106,0.9999498067560106,0.0,0.33860362395221605,0.33870401044019477,0.9697334738744166,0.0,0.0,0.0,0.9999498067560106
31/2-9,9402,349.30508423,1778.2570842,0,50,0.9911720910444586,0.9323548181238035,0.9337375026590087,0.9317166560306318,0.9895766858115295,0.0,0.9973409912784514,0.9973409912784514,0.0,0.19410763667304828,0.19442671771963413,0.9340565837055945,0.0,0.0,0.0,0.9973409912784514
31/3-1,13361,349.125,2379.845,0,0,0.9919916173939076,0.7495696429907941,0.5415013846268992,0.0,0.9601826210612978,0.0,0.9647481475937429,0.9686400718509094,0.2707881146620762,0.2760272434698002,0.0,0.5319961080757428,0.5391063543147968,0.0,0.0,0.9994760871192276
31/3-2,11426,358.30490112,2094.9049011,0,11,0.9935235427971294,0.9508139331349553,0.947050586381936,0.10843689830211797,0.9329599159810957,0.0,0.9988622440049011,0.9880973218974269,0.07194118676702257,0.09959740941711885,0.10274811832662349,0.3389637668475407,0.33975144407491686,0.0,0.0,0.9925608261858918
31/3-3,14668,348.25,2577.634,0,0,0.9935233160621761,0.7956094900463594,0.7982001636214889,0.0,0.933528770111808,0.0,0.9402099809108263,1.0,0.0,0.9998636487592037,0.0,0.25470411780747204,0.25470411780747204,0.0,0.0,0.9998636487592037
31/3-4,11413,388.009638,2122.633638,0,0,0.998948567423114,0.47463418908262506,0.4755980022781039,0.47463418908262506,0.7756943835976517,0.44344168930167355,0.7897134846227986,0.7859458512222903,0.43581880311925,0.7856829930780689,0.0,0.47691229299921145,0.9999123806185928,1.0,0.9976342767020064,0.0
31/4-10,13779,257.45239258,2351.7083926,0,0,0.9834530807750925,0.6388707453371072,0.1625662239640032,0.0,0.6387981711299804,0.0,0.9994194063429857,0.9986936642717178,0.0,0.6475796501923217,0.6280571884752159,0.6359677770520357,0.0,0.0,0.6370563901589376,0.6112199724218013
31/4-5,18352,144.82879639,2934.1807964,0,2,0.9969485614646905,0.7240627724498693,0.3527680906713165,0.22940278988666085,0.953792502179599,0.0,0.9604947689625108,0.9576612903225806,0.11916957279860506,0.11906059285091543,0.11916957279860506,0.730819529206626,0.0,0.0,0.0,0.9604402789886661
31/5-4 S,11467,164.79,1907.622,0,0,0.9869189849132293,0.2107787564314991,0.21208685794017615,0.0,0.15453039155838494,0.0,0.8437254730967123,0.2142670271213046,0.0,0.21278451207813726,0.2142670271213046,0.20432545565535887,0.0,0.0,0.0,0.2142670271213046
31/6-5,11597,326.375,2088.967,0,0,0.9920669138570319,0.8166767267396741,0.38872122100543244,0.0,0.9615417780460463,0.0,0.9714581357247564,0.9688712598085711,0.0,0.11433991549538673,0.0,0.3695783392256618,0.37673536259377427,0.0,0.0,0.9711994481331379
31/6-8,9727,668.93243408,2147.2844341,0,0,0.9951680888249204,0.9998971933792536,0.9998971933792536,0.0,0.9754292176416162,0.0,0.9956821219286522,0.9932147630307392,0.0,0.1533874781535931,0.1585278091909119,0.39755320242623626,0.3976560090469826,0.0,0.0,0.9954765086871594
32/2-1,6059,379.0676,1299.8836,0,0,0.9508169664961215,0.48770424162403037,0.4939759036144578,0.48770424162403037,0.7476481267535897,0.03977554051823733,0.9371183363591352,0.9249050998514606,0.0,0.9249050998514606,0.0,0.4999174781317049,0.955438191120647,0.9546129724376959,0.9998349562634098,0.0
33/5-2,27702,324.15206909,4534.7040691,0,0,0.9977979929246986,0.7990036820446177,0.14988087502707387,0.0,0.9785575048732943,0.0,0.9915529564652371,0.9961735614757057,0.0,0.09226770630279402,0.0,0.8592520395639304,0.24218467980651218,0.0,0.0,0.9989531441773157
33/6-3 S,26868,360.1212,4443.9052,0,0,0.9819487866607116,0.15464493077266636,0.4602501116569897,0.1546077117760905,0.7447893404793807,0.6228971266934643,0.98187434866756,0.9793062379038261,0.0,0.0,0.0,0.47461664433526873,0.9996650290308173,0.9995161530445139,0.9985112401369659,0.0
33/9-1,17606,457.61,3133.57,0,0,0.9916505736680677,0.5915596955583324,0.5898557310007951,0.0,0.991480177212314,0.0,0.9960808815176644,0.9955128933318187,0.0,0.11552879700102238,0.0,0.3084743837328184,0.3085879813699875,0.0,0.0,0.9971032602521868
33/9-17,19771,254.60998535,3259.6499854,0,66,0.9807293510697486,0.8869050629710181,0.8869050629710181,0.8868039047089171,0.880481513327601,0.0,0.9909463355419554,0.8939861413180922,0.0,0.9890749076930858,0.47908552931060644,0.8859946386121087,0.8869556421020687,0.0,0.9911486520661575,0.8940872995801932
34/10-16R,25579,163.15200806,4051.0080081,0,730,0.9976934203839086,0.9846358340826459,0.6535830173188945,0.9750967590601666,0.9785370811994214,0.0,0.9846749286524101,0.9831893350013683,0.0,0.9790453106063568,0.9790453106063568,0.9809609445248055,0.0,0.0,0.0,0.9836584698385394
34/10-19,13238,211.0,2223.024,0,0,0.9948632723976432,0.9188699199274815,0.9117691494183411,0.0,0.7693004985647379,0.0,0.999169058770207,0.9932013899380571,0.0,0.9695573349448557,0.9693307146094576,0.9999244598882007,0.0,0.0,0.0,0.9989424384348089
34/10-21,24926,226.21040344,4014.8104034,0,2,0.9975928749097328,0.9023910775896654,0.5636283398860628,0.9031132151167456,0.8991815774693092,0.0,0.9999598812484956,0.9034742838802856,0.0,0.903674877637808,0.902350958838161,0.9011473962930273,0.0,0.0,0.0,0.9048784401829415
34/10-33,24490,156.0,3878.328,0,0,0.9999183340138832,0.9768476929358922,0.1999591670069416,0.0,0.9483870967741935,0.0,0.9781135157207024,0.0,0.0,0.9639036341363822,0.0,0.9714577378521846,0.9812984891792569,0.0,0.0,0.8321355655369539
34/10-35,26900,223.375,4312.023,0,693,0.9991078066914498,0.7628996282527881,0.1362081784386617,0.763457249070632,0.7860223048327137,0.08092936802973978,0.999182156133829,0.7735687732342007,0.0,0.041858736059479554,0.0,0.7976951672862453,0.0,0.0,0.0,0.772825278810409
34/11-1,29690,65.875,4578.603,0,0,0.9553384978107107,0.14358369821488717,0.14253957561468508,0.0,0.21081172111822163,0.21128326035702258,0.9534523408555069,0.9534523408555069,0.11822162344223644,0.9498484338160997,0.0,0.14371842371168744,0.9556079488043112,0.0,0.29474570562478947,0.0
34/11-2 S,29422,286.0,4757.992,24211,157,0.9837876419006186,0.8175175039086398,0.4044592481816328,0.811977431853715,0.8059275372170485,0.0,0.8023247909727415,0.9818503160900007,0.0,0.1748011691931208,0.1748011691931208,0.812963088845082,0.0,0.0,0.9943919516008429,0.80382027054585
34/12-1,28434,398.11758423,4719.9335842,0,21,0.9968347752690441,0.3435323907997468,0.34500949567419287,0.34469297320109726,0.9933530280649926,0.5966448617851867,0.9975029893789126,0.9961313919954984,0.0,0.34880776535133995,0.0,0.35309840331996906,0.9983822184708447,0.9982767109798129,0.9973974818878807,0.0
34/2-4,24318,419.60943604,4115.793436,0,24,0.9967513775803931,0.5420264824409902,0.15223291389094498,0.5383255201908052,0.9707623982235382,0.0,0.9705156674068591,0.9705156674068591,0.0,0.5396825396825397,0.0,0.9996710255777613,0.0,0.0,0.0,0.9992186857471832
34/3-1 A,24513,436.21671456,4162.0407146,0,0,0.9978786766205687,0.09823359033981968,0.09713213396973035,0.09823359033981968,0.5299228980540938,0.5088320483009016,0.9973891404560845,0.9917594745645167,0.4342593725778158,0.0,0.0,0.10084444988373516,0.999755231917758,1.0,0.9991433117121528,0.0
34/3-2 S,25699,426.0068,4332.1028,0,2,0.9965368302268571,0.4842211759212421,0.4915366356667575,0.4841433518813962,0.9935795167127126,0.41670882135491655,0.9996887038406164,0.9963422701272423,0.0,0.0,0.0,0.49531110159928404,0.9996887038406164,0.9992217596015409,0.9996887038406164,0.0
34/3-3 A,30228,418.38597552,5012.8899755,0,0,0.9987428873891756,0.5936548895064179,0.5926293502712716,0.5936548895064179,0.9843853380971285,0.3968836840015879,0.9980481672621411,0.9943099113404791,0.0,0.0,0.0,0.603678708482202,0.9999669180891888,0.9857416964403865,0.9993052798729655,0.0
34/4-10 R,25514,372.81846696,4250.794467,0,0,0.9958062240338638,0.1461550521282433,0.14987849807948578,0.14384259622168222,0.4810692169005252,0.15807007917221919,0.995767029865956,0.9904758171984008,0.0,0.0,0.0,0.14674296464686054,0.9658618797522929,0.9989417574664889,0.9965509132241123,0.0
34/5-1 A,26343,411.98599243,4415.9699924,0,0,0.9993926280226246,0.5575674752306116,0.5614015108377938,0.5575674752306116,0.8108795505447367,0.5186577079300004,0.9823862126561136,0.9770717078540789,0.0,0.0,0.0,0.568158524086095,0.9853471510458186,0.9873211099722886,0.999924078502828,0.0
34/5-1 S,22969,411.986,3903.122,0,0,0.9996517044712439,0.49928164047194046,0.0975662849928164,0.499499325177413,0.8302059297313771,0.4903565675475641,0.9832382776786103,0.9764029779267709,0.0,0.0,0.0,0.5092515999825852,0.9831512037964213,0.9686534024119465,0.998998650354826,0.0
34/6-1,26090,406.0424,4371.5704,0,8,0.9979302414718283,0.2447681103871215,0.25396703717899577,0.24484476811038713,0.27002683020314294,0.2689152932157915,0.7588348026063626,0.7558451513990034,0.0,0.0,0.0,0.2553085473361441,0.99877347642775,0.0,0.9965504024530472,0.0
34/7-13,16891,433.625,3000.905,0,0,0.992658812385294,0.45971227280800425,0.6180214315315848,0.0,0.8080042626250666,0.0,0.9976318749629981,0.7929666686401042,0.0,0.12444497069445266,0.0,0.4596530696820792,0.4186845065419454,0.0,0.0,0.8124444970694452
34/7-20,18193,417.47,3182.654,0,0,0.9999450338042104,0.7268729731215302,0.49914802396526137,0.0,0.7326444236794372,0.0,0.9989006760842082,0.7324795250920684,0.0,0.7181883141867751,0.0,0.7318199307425933,0.0,0.0,0.0,0.7324795250920684
34/7-21,18463,212.75,3018.974,0,0,0.9973460434382279,0.6944700211233278,0.42544548556572603,0.6836375453609923,0.6931701240318475,0.0,0.996479445377241,0.6876455613930564,0.0,0.43811948220765856,0.0,0.6919785516979906,0.0,0.0,0.0,0.26555814331365435
34/8-1,21558,345.30502319,3621.9690232,0,309,0.9957788292049355,0.8298543464143241,0.578671490861861,0.8289730030615085,0.9651173578254012,0.0,0.9986084052323964,0.99369143705353,0.0,0.17835606271453752,0.17835606271453752,0.8122738658502644,0.8123202523425178,0.0,0.0,0.9948974858521199
34/8-3,19230,411.37643433,3334.1844343,0,0,0.9934997399895996,0.7024960998439937,0.703068122724909,0.0,0.7002080083203328,0.0,0.9998959958398336,0.7041601664066562,0.25985439417576706,0.7040561622464898,0.25980239209568384,0.7004680187207488,0.0,0.0,0.0,0.7040561622464898
34/8-7R,35896,23.0,5479.04,21912,0,0.9366503231557833,0.38962558502340094,0.4095720971696011,0.0,0.7481892132828171,0.0,0.9355359928682861,0.7281034098506798,0.0,0.21601292623133497,0.0,0.3942779139737018,0.38475039001560063,0.0,0.0,0.9999721417428126
35/11-1,19692,373.4571228,3366.4891228,0,24,0.9970038594353037,0.7931139549055454,0.45160471257363394,0.793418647166362,0.9518078407475117,0.0,0.9998984359130612,0.9983749746089783,0.0,0.31896201503148486,0.31896201503148486,0.7936217753402397,0.0,0.0,0.0,0.9998476538695917
35/11-10,16967,371.99987793,2950.8318779,1,0,0.9944008958566629,0.6707726763717805,0.6688866623445512,0.0,0.6847409677609477,0.6847409677609477,0.9968762892674015,0.9698237755643307,0.6728944421524136,0.9968762892674015,0.6728944421524136,0.6728944421524136,0.9989391171096835,0.0,0.0,0.6644073790298816
35/11-11,18710,382.1156,3225.8836,16,0,0.9984500267236772,0.693372528059861,0.7021378941742383,0.6919828968466061,0.6879208979155532,0.684233030464992,0.9980224478888295,0.9952431854623196,0.6925708177445217,0.0,0.0,0.6926777124532336,0.9998396579369321,0.9273650454302512,0.9951362907536077,0.6833778727952966
35/11-12,19875,359.97,3380.818,0,0,0.9897861635220125,0.17333333333333334,0.19049056603773584,0.17333333333333334,0.5367547169811321,0.1878238993710692,0.9852578616352201,0.9814842767295597,0.0,0.0,0.0,0.1909433962264151,0.9987924528301887,0.9901383647798743,0.0,0.0
35/11-13,19119,386.078,3292.014,0,0,0.9839426748260892,0.11512108373868926,0.3047753543595376,0.11512108373868926,0.21915372142894504,0.25587112296668235,0.9694021653852188,0.9610335268580993,0.11480725979392227,0.0,0.0,0.12709869763062923,0.9996338720644385,0.9720173649249437,0.999163136147288,0.0
35/11-15 S,18832,390.0404,3252.3524,0,0,0.9692013593882752,0.11830926083262532,0.14103653355989804,0.11836236193712829,0.2584961767204758,0.14055862361937127,0.9651125743415463,0.9560322854715378,0.11830926083262532,0.0,0.1449660152931181,0.13800977060322855,0.975838997451147,0.9724936278674596,0.9950615972812235,0.0
35/11-5,21963,443.22799683,3781.4519968,0,273,0.992305240631972,0.8426444474798525,0.33656604289031555,0.8390930200792242,0.8288485179620271,0.3189454992487365,0.9994536265537495,0.8485634931475664,0.0,0.33656604289031555,0.0,0.8477439329781906,0.0,0.0,0.0,0.8485634931475664
35/11-6,23734,389.9916,3997.4076,0,164,0.9922895424285835,0.9969242437010196,0.5619364624589197,0.9966714418134323,0.8323502148816044,0.5716272014831044,0.9752675486643634,0.9974298474761945,0.0,0.3610010954748462,0.0,0.8439369680626949,0.0,0.0,0.0,0.9976826493637819
35/11-7,16547,385.75,2900.742,0,0,0.9912975161660724,0.7909590862391974,0.4495074635885659,0.7847948268568321,0.7709554602042666,0.0,0.9996978304224331,0.7993594004955581,0.0,0.4539795733365565,0.0,0.794645555085514,0.9993956608448661,0.0,0.0,0.7705324227956729
35/12-1,16777,477.82281494,3027.7748149,0,50,0.9899862907552006,0.7924539548190975,0.44680216963700303,0.7845860404124695,0.7811289265065268,0.0,0.9994039458782857,0.8038385885438398,0.7848840674733266,0.8001430529892114,0.7927519818799547,0.8047922751385825,0.9967217023305717,0.0,0.0,0.7876259164332121
35/3-7 S,24803,282.09185136,4051.9958514,0,0,0.99854856267387,0.21037777688182882,0.21650606781437728,0.21037777688182882,0.8590896262548885,0.851832439624239,0.9991936459299279,0.9904447042696448,0.20775712615409425,0.0,0.0,0.21078095391686488,0.9999596822964963,0.9852840382211829,0.9996774583719711,0.0
35/4-1,29967,403.604,4958.436,0,1,0.9996329295558448,0.7149197450528915,0.9820802883171489,0.713384723195515,0.9448393232555812,0.6419728367871325,0.9956952647912704,0.9937264324089832,0.0,0.0,0.0,0.7864984816631628,0.9997664097173558,0.9397003370374079,0.0,0.0
35/6-2 S,21948,365.96046696,3701.904467,0,0,0.9986786950975032,0.604018589393111,0.6147257153271368,0.604018589393111,0.6072535082923273,0.6073446327683616,0.997949699289229,0.9917532349188992,0.0,0.0,0.0,0.6124931656642975,0.9999544377619829,0.9997266265718973,0.9989976307636231,0.0
35/8-4,21927,390.04040527,3722.7924053,122,0,0.9996351530077074,0.12368313038719388,0.12327267752086468,0.1236375245131573,0.11816481962876818,0.0,0.9771514571076755,0.9211930496647969,0.1126465088703425,0.1126465088703425,0.0,0.0,0.9745975281616273,0.0,0.9906051899484654,0.0
35/8-6 S,23901,411.0228,4043.8228,0,0,0.9798334797707209,0.5964185598928915,0.593991883184804,0.5964185598928915,0.09254842893602779,0.09166980461068575,0.9718003430818795,0.9465712731684867,0.0,0.0,0.0,0.6072967658256977,0.9801681937994227,0.9765700179908791,0.999707125224886,0.0
35/9-10 S,21271,388.9736,3622.0136,0,0,0.9991537774434677,0.20248225283249494,0.21771425885007756,0.20229420337548776,0.8212119787504114,0.514221240186169,0.9770109538808707,0.9726388040054534,0.0,0.0,0.0,0.20267030228950214,0.9999529876357482,0.9399652108504537,0.0,0.0
35/9-2,16599,368.96035767,2891.8563577,0,0,0.8539671064521959,0.7438399903608651,0.40387975179227664,0.0,0.20766311223567685,0.20772335682872461,0.7419724079763841,0.7431772998373396,0.13199590336767275,0.131935658774625,0.13205614796072052,0.7433580336164829,0.9881318151695885,0.0,0.0,0.7438399903608651
35/9-5,21206,307.69558716,3530.8555872,0,0,0.9989154013015185,0.2326699990568707,0.2516740545128737,0.2326699990568707,0.4332264453456569,0.43346222767141374,0.9483636706592474,0.9400169763274545,0.23262284259171934,0.0,0.0,0.23304725077808167,0.9548712628501368,0.9544468546637744,0.9762802980288597,0.0
35/9-6 S,22105,395.0,3754.808,0,0,0.9746663650757748,0.5984618864510292,0.6001357159013798,0.24926487220085952,0.708979868807962,0.0,0.9762044786247456,0.970187740330242,0.9709115584709341,0.0,0.0,0.6027595566613888,0.0,0.0,0.9955666138882606,0.0
35/9-7,17166,397.0508,3006.1308,0,0,0.9920773622276593,0.6185482931375976,0.618490038448095,0.6185482931375976,0.9270651287428638,0.693114295700804,0.9922521262961669,0.9913783059536293,0.21915414190842364,0.0,0.0,0.6219270651287429,0.9999417453104975,0.9659210066410346,0.9999417453104975,0.0
35/9-8,18842,392.0216,3255.8536,0,0,0.9815836959983016,0.24535611930792908,0.24440080670841738,0.24535611930792908,0.8186498248593568,0.5368326080033967,0.9731981742914765,0.9647065067402611,0.2507164844496338,0.0,0.0,0.24572762976329476,0.982910519053179,0.9272370236705233,1.0,0.0
36/7-3,16950,373.0,2949.248,0,0,0.9223008849557522,0.5952212389380531,0.5941592920353982,0.5952212389380531,0.6169911504424779,0.0,0.9221238938053097,0.9110914454277286,0.0,0.0,0.0,0.0037758112094395282,0.0,0.0,0.9987020648967552,0.0
7/1-1,17982,82.600799561,2815.7127996,0,0,0.9032365699032365,0.24452230007785564,0.24491157824491158,0.0,0.6337448559670782,0.0,0.896507618729841,0.8982315648982315,0.0,0.8961739517295073,0.0,0.9047936825714603,0.9980536091647203,0.9644644644644644,0.0,0.8981759537315093
7/1-2 S,19586,198.0164,3174.9364,5,0,0.997855611150822,0.0825589706933524,0.08444807515572347,0.0825589706933524,0.1558766465842949,0.19355662207699378,0.997855611150822,0.9958643929337282,0.0,0.8055754110078628,0.0,0.10497293985499846,0.9986725211886041,0.9961707341978965,0.6966200347186766,0.0
